{"cameraMode":{"drawMode":0,"name":"Shaded","section":"Shading Mode"},"sceneLighting":true,"audioPlay":false,"sceneViewState":{"m_AlwaysRefresh":false,"showFog":true,"showSkybox":true,"showFlares":true,"showImageEffects":true,"showParticleSystems":true,"showVisualEffectGraphs":true,"m_FxEnabled":true},"in2DMode":false,"pivot":{"x":0.9066743850708008,"y":1.9453654289245606,"z":-2.0351600646972658},"rotation":{"x":0.0792478621006012,"y":-0.9157673716545105,"z":0.22410361468791963,"w":0.3238356411457062},"size":7.597694396972656,"orthographic":false}